{"cameraMode":{"drawMode":0,"name":"Shaded","section":"Shading Mode"},"sceneLighting":false,"audioPlay":false,"sceneViewState":{"showFog":true,"showMaterialUpdate":false,"showSkybox":false,"showFlares":true,"showImageEffects":true,"showParticleSystems":true,"showVisualEffectGraphs":true,"m_FxEnabled":true},"in2DMode":false,"pivot":{"x":-0.531000018119812,"y":1.1364457607269288,"z":1.9708917140960694},"rotation":{"x":0.27884846925735476,"y":0.2788476049900055,"z":-0.08501792699098587,"w":0.9150400161743164},"size":0.09277256578207016,"orthographic":false}