{"cameraMode":{"drawMode":0,"name":"Shaded","section":"Shading Mode"},"sceneLighting":true,"audioPlay":false,"sceneViewState":{"showFog":true,"showMaterialUpdate":false,"showSkybox":true,"showFlares":true,"showImageEffects":true,"showParticleSystems":true,"showVisualEffectGraphs":true,"m_FxEnabled":true},"in2DMode":false,"pivot":{"x":-0.016340970993041993,"y":0.40244460105895998,"z":-3.136305809020996},"rotation":{"x":0.35134759545326235,"y":0.11362981796264649,"z":-0.04304961487650871,"w":0.9283477067947388},"size":4.563499927520752,"orthographic":false}