{"cameraMode":{"drawMode":0,"name":"Shaded","section":"Shading Mode"},"sceneLighting":false,"audioPlay":false,"sceneViewState":{"showFog":true,"showMaterialUpdate":false,"showSkybox":false,"showFlares":true,"showImageEffects":true,"showParticleSystems":true},"in2DMode":false,"pivot":{"x":0.01248091459274292,"y":0.09772151708602905,"z":0.18125954270362855},"rotation":{"x":-0.16492819786071778,"y":-0.40321242809295657,"z":0.07411552965641022,"w":-0.8970966935157776},"size":0.3932257890701294,"orthographic":false}