{"cameraMode":{"drawMode":0,"name":"Shaded","section":"Shading Mode"},"sceneLighting":false,"audioPlay":false,"sceneViewState":{"showFog":true,"showMaterialUpdate":false,"showSkybox":false,"showFlares":true,"showImageEffects":true,"showParticleSystems":true},"in2DMode":false,"pivot":{"x":-0.025009632110595704,"y":0.31246286630630495,"z":0.25087857246398928},"rotation":{"x":-0.2029852569103241,"y":-0.3173302114009857,"z":0.06973884999752045,"w":-0.9237249493598938},"size":1.1486963033676148,"orthographic":false}