{"cameraMode":{"drawMode":0,"name":"Shaded","section":"Shading Mode"},"sceneLighting":false,"audioPlay":false,"sceneViewState":{"showFog":true,"showMaterialUpdate":false,"showSkybox":false,"showFlares":true,"showImageEffects":true,"showParticleSystems":true},"in2DMode":false,"pivot":{"x":0.21874266862869264,"y":0.26781269907951357,"z":0.4497607350349426},"rotation":{"x":-0.11041337251663208,"y":-0.2929786443710327,"z":0.034077197313308719,"w":-0.9491289258003235},"size":0.8431370258331299,"orthographic":false}