{"cameraMode":{"drawMode":0,"name":"Shaded","section":"Shading Mode"},"sceneLighting":false,"audioPlay":false,"sceneViewState":{"showFog":true,"showMaterialUpdate":false,"showSkybox":false,"showFlares":true,"showImageEffects":true,"showParticleSystems":true},"in2DMode":false,"pivot":{"x":0.00021570920944213867,"y":0.00011995434761047363,"z":0.06792545318603516},"rotation":{"x":-0.20762692391872407,"y":-0.7106550335884094,"z":0.23417484760284425,"w":-0.6301077008247376},"size":0.37499457597732546,"orthographic":false}