{"cameraMode":{"drawMode":0,"name":"Shaded","section":"Shading Mode"},"sceneLighting":true,"audioPlay":false,"sceneViewState":{"showFog":true,"showMaterialUpdate":false,"showSkybox":false,"showFlares":true,"showImageEffects":true,"showParticleSystems":true},"in2DMode":false,"pivot":{"x":0.4939999580383301,"y":1.179943561553955,"z":-7.021563529968262},"rotation":{"x":-0.1564028263092041,"y":0.7791838049888611,"z":-0.21464793384075166,"w":-0.5677549839019775},"size":1.3213526010513306,"orthographic":false}