{"cameraMode":{"drawMode":0,"name":"Shaded","section":"Shading Mode"},"sceneLighting":false,"audioPlay":false,"sceneViewState":{"showFog":true,"showMaterialUpdate":false,"showSkybox":false,"showFlares":true,"showImageEffects":true,"showParticleSystems":true},"in2DMode":false,"pivot":{"x":0.5797283053398132,"y":1.310506820678711,"z":-6.547353267669678},"rotation":{"x":-0.039511676877737048,"y":-0.8485974073410034,"z":0.06402865052223206,"w":-0.5236631035804749},"size":0.6612282991409302,"orthographic":false}