{"cameraMode":{"drawMode":0,"name":"Shaded","section":"Shading Mode"},"sceneLighting":false,"audioPlay":false,"sceneViewState":{"showFog":true,"showMaterialUpdate":false,"showSkybox":false,"showFlares":true,"showImageEffects":true,"showParticleSystems":true},"in2DMode":false,"pivot":{"x":0.2682853937149048,"y":0.08550286293029785,"z":0.4632655382156372},"rotation":{"x":-0.2684214115142822,"y":-0.5616448521614075,"z":0.19918657839298249,"w":-0.7568687200546265},"size":1.060328722000122,"orthographic":false}