{"cameraMode":{"drawMode":0,"name":"Shaded","section":"Shading Mode"},"sceneLighting":false,"audioPlay":false,"sceneViewState":{"showFog":true,"showMaterialUpdate":false,"showSkybox":false,"showFlares":true,"showImageEffects":true,"showParticleSystems":true},"in2DMode":false,"pivot":{"x":0.00025111623108386993,"y":-0.013446267694234848,"z":-0.05441359430551529},"rotation":{"x":-0.27800172567367556,"y":-0.39681416749954226,"z":0.12746915221214295,"w":-0.8654579520225525},"size":0.070172980427742,"orthographic":false}