{"cameraMode":{"drawMode":0,"name":"Shaded","section":"Shading Mode"},"sceneLighting":true,"audioPlay":false,"sceneViewState":{"showFog":true,"showMaterialUpdate":false,"showSkybox":true,"showFlares":true,"showImageEffects":true,"showParticleSystems":true},"in2DMode":false,"pivot":{"x":0.9018821716308594,"y":1.6616325378417969,"z":-0.42351341247558596},"rotation":{"x":-0.24170981347560883,"y":-0.43753379583358767,"z":0.12336238473653794,"w":-0.8573004603385925},"size":8.52834701538086,"orthographic":false}