{"cameraMode":{"drawMode":0,"name":"Shaded","section":"Shading Mode"},"sceneLighting":false,"audioPlay":false,"sceneViewState":{"showFog":true,"showMaterialUpdate":false,"showSkybox":false,"showFlares":true,"showImageEffects":true,"showParticleSystems":true},"in2DMode":false,"pivot":{"x":-0.238092839717865,"y":0.37906086444854739,"z":-0.17202840745449067},"rotation":{"x":-0.10550742596387863,"y":-0.6469058394432068,"z":0.09103868901729584,"w":-0.7497357726097107},"size":0.3926808834075928,"orthographic":false}